{"train_batch_loss": 0.7320103478431702, "epoch": 19, "train_batch": 900, "_timestamp": 1673769080.9905534, "_runtime": 228.51288032531738, "_step": 380, "avg_train_loss": 0.7320103478431702, "avg_valid_loss": 0.9658383131027222, "valid PER": 29.20277296360485, "Test SUB": 16.57166689837342, "Test DEL": 11.87265396913666, "Test INS": 2.6275545669400806, "Test COR": 71.55567913248993, "Test PER": 31.071875434450156, "_wandb": {"runtime": 228}}